3_NDVI-C0/date,3_NDVI-C0/min,3_NDVI-C0/max,3_NDVI-C0/mean,3_NDVI-C0/stDev,3_NDVI-C0/sampleCount,3_NDVI-C0/noDataCount,3_NDVI-C0/median,3_NDVI-C0/p10,3_NDVI-C0/p90,3_NDVI-C0/cloudCoveragePercent
2022-12-16T00:00:00.000Z,-0.04043762758374214,1,0.6743052323308362,0.2677723870842961,52102,36251,0.8067744374275208,0.20494335889816284,0.8896216750144958,18.610813197905472
2022-12-18T00:00:00.000Z,-1,1,0.3198326797253259,0.3619419668456378,52102,32584,0.32023170590400696,-0.051812510937452316,0.7680397033691406,70.8781637462853
2022-12-21T00:00:00.000Z,-0.0864211693406105,1,0.14953372510589366,0.21492179321538227,52102,36052,0.06674329191446304,-0.03356289863586426,0.470573365688324,85.1775700934579
2022-12-23T00:00:00.000Z,-1,1,0.2840778902644415,0.29240455681967803,52102,32514,0.2714109718799591,-0.05270231515169144,0.6800736784934998,82.11660200122527
2022-12-26T00:00:00.000Z,-0.11248777061700821,1,0.2395291971605027,0.2942247499783733,52102,36235,0.1218109056353569,-0.03325621783733368,0.7172737121582031,65.40618894561015
2022-12-28T00:00:00.000Z,-0.4171122908592224,1,0.16635230708874285,0.23243923363207666,52102,32565,0.07565714418888092,-0.02013259567320347,0.5437437891960144,84.15314531401944
2022-12-31T00:00:00.000Z,-0.09576232731342316,1,0.2254413769619005,0.26912197140891736,52102,36167,0.12716899812221527,-0.02687249891459942,0.6404060125350952,71.79165359272028
2023-01-02T00:00:00.000Z,-1,1,0.553391688693778,0.33002961799523667,52102,32613,0.6864429712295532,0.03531438484787941,0.8386401534080505,30.858432962183713
2023-01-05T00:00:00.000Z,-1,1,0.6769697127863493,0.2407296439214101,52102,36074,0.7977083921432495,0.24971450865268707,0.8498635292053223,27.46443723483903
2023-01-07T00:00:00.000Z,-1,1,0.6309773581797461,0.31724252170306344,52102,32512,0.7510651350021362,0.13054564595222473,0.8360542058944702,13.854007146503248
2023-01-10T00:00:00.000Z,-0.06713719666004181,1,0.3517943161994409,0.27777344375996466,52102,36181,0.33318543434143066,-0.00044726720079779625,0.7028533816337585,47.46561145656672
2023-01-12T00:00:00.000Z,-1,1,0.30286338908396077,0.30672225663977515,52102,32881,0.2359921932220459,-0.024907885119318962,0.7311186194419861,62.051922376567205
2023-01-15T00:00:00.000Z,-0.14182475209236145,1,0.30419415236671554,0.29920025362029923,52102,35939,0.2342742532491684,-0.03228013962507248,0.7348515391349792,56.30142919012516
2023-01-17T00:00:00.000Z,-1,1,0.6400534826353289,0.28941102565584836,52102,32640,0.7575264573097229,0.10117361694574356,0.8276674747467041,8.925084780598091
2023-01-20T00:00:00.000Z,-0.05574662238359451,1,0.44799532797756625,0.3189610974323434,52102,36006,0.5504785180091858,0.028952965512871742,0.8109756112098694,38.85437375745516
2023-01-22T00:00:00.000Z,-0.04137931019067764,1,0.17852854778488803,0.15707032590045988,52102,32730,0.13461264967918396,0.01973458006978035,0.41595831513404846,97.56349370225111
2023-01-25T00:00:00.000Z,-0.15134796500205994,1,0.1639384579933709,0.2528367085342105,52102,36039,0.033814433962106705,-0.024867413565516472,0.5775941014289856,76.90344269439078
2023-01-27T00:00:00.000Z,-0.06414487212896347,1,0.2986371085896015,0.1846675889976375,52102,32528,0.2715555429458618,0.05572176352143288,0.5408377051353455,93.81322162051734
2023-01-30T00:00:00.000Z,-0.06143391877412796,1,0.19363451866652687,0.265820592133858,52102,36194,0.06460418552160263,-0.03528542444109917,0.6678043007850647,76.09378928840812
2023-02-01T00:00:00.000Z,-1,1,0.4872329173028392,0.37044383457646035,52102,32791,0.6945329904556274,-0.058955103158950806,0.7994228005409241,29.43400134638287
2023-02-04T00:00:00.000Z,-0.05414896830916405,1,0.6921978774303744,0.1899481243371453,52102,35999,0.770300567150116,0.3654501140117645,0.8199532628059387,14.357573123020623
2023-02-06T00:00:00.000Z,-0.5226414799690247,1,0.22145156709365885,0.28458360557295004,52102,32471,0.08301585912704468,-0.04898703098297119,0.7116757035255432,71.98818195710857
2023-02-09T00:00:00.000Z,-0.06868527084589005,1,0.718892380346373,0.16253873078647676,52102,36215,0.7727450132369995,0.5512152910232544,0.820185124874115,4.0662176622395725
2023-02-11T00:00:00.000Z,-1,1,0.5501362588334723,0.30821007704598363,52102,32631,0.6667498350143433,0.12095808237791061,0.7886528372764587,18.13979764778392
2023-02-14T00:00:00.000Z,-0.10432363301515579,1,0.44693134391408806,0.21175413364064008,52102,36141,0.45126354694366455,0.1717682033777237,0.7366037964820862,90.15099304554839
2023-02-16T00:00:00.000Z,-1,1,0.2262103756606154,0.25020973378678524,52102,32651,0.15067167580127716,-0.02628571353852749,0.6799781322479248,79.82623001388097
2023-02-19T00:00:00.000Z,-0.027252081781625748,1,0.7038638127430744,0.12555960357100915,52102,36089,0.7617090940475464,0.5622692108154297,0.8097913265228271,2.529195029038911
2023-02-21T00:00:00.000Z,-1,1,0.2043473016682862,0.2828994456727891,52102,32581,0.07745219767093658,-0.07807204872369766,0.5960476398468018,57.660980482557
2023-02-24T00:00:00.000Z,-0.109500452876091,1,0.5394401789125971,0.24143020322117228,52102,36218,0.5701326131820679,0.19894905388355255,0.7994186282157898,53.985142281540966
2023-02-26T00:00:00.000Z,-0.8388136625289917,1,0.038989318433482446,0.21683494323118688,52102,32539,0.002939181635156274,-0.11833979189395905,0.3547094166278839,89.47502939222046
2023-03-01T00:00:00.000Z,-0.038425710052251816,1,0.22334100065524842,0.2449005736217347,52102,36147,0.1262572854757309,-0.0008197468123398721,0.648966372013092,82.31902225007846
2023-03-03T00:00:00.000Z,-1,1,0.3943235161162764,0.3352791504150801,52102,32547,0.38418200612068176,-0.016528349369764328,0.8041268587112427,48.27409869598565
2023-03-06T00:00:00.000Z,0.11149584501981735,0.9587831497192383,0.6954162142077458,0.08945554944400431,52102,36327,0.7059509754180908,0.5684357285499573,0.8054501414299011,74.19334389857383
2023-03-08T00:00:00.000Z,-1,1,0.34135308593537095,0.3610449514266986,52102,32640,0.3865365982055664,-0.05873025581240654,0.7511724233627319,62.660569314561855
2023-03-11T00:00:00.000Z,-0.03868378698825836,0.41263547539711,0.015798097119475565,0.03678542708522001,52102,36073,0.005429461598396301,-0.011498683132231236,0.05350598692893982,100
2023-03-13T00:00:00.000Z,-0.5939849615097046,1,0.11749894033786282,0.1602783279686914,52102,32390,0.06273233890533447,-0.014945713803172112,0.3316975235939026,95.24655032467516
2023-03-16T00:00:00.000Z,-0.01013933401554823,1,0.528782365081298,0.2834642781488357,52102,36358,0.5701839327812195,0.11672002077102661,0.8510808944702148,50.41285569105699
2023-03-18T00:00:00.000Z,-0.1733524352312088,1,0.2678176475745336,0.2605031562017413,52102,32489,0.17930732667446136,-0.0011782264336943626,0.6783252358436584,89.57834089634427
2023-03-21T00:00:00.000Z,-0.033890362828969955,1,0.4570437582498984,0.26503465783991853,52102,36230,0.46536844968795776,0.08246467262506485,0.8160484433174133,55.00252016128998
2023-03-23T00:00:00.000Z,-0.02647681161761284,1,0.05367475138226281,0.0764950143354383,52102,32562,0.025139665231108665,0.0016586643178015947,0.14663566648960114,99.90788126919149
2023-03-26T00:00:00.000Z,-0.020223751664161682,0.93906569480896,0.06645855987626624,0.07010909619826541,52102,36256,0.04734865948557854,0.006193867884576321,0.14407683908939362,99.50145147040256
2023-03-28T00:00:00.000Z,-0.019589455798268318,0.6405919790267944,0.044305799096851575,0.038361561887307744,52102,32512,0.03509968891739845,-0.0005437200306914747,0.09753208607435226,99.90811638591119
2023-03-31T00:00:00.000Z,-0.025519421324133873,0.7574602961540222,0.040605924189561195,0.052902113420468154,52102,36209,0.022214477881789207,0.003284521633759141,0.09506199508905411,99.987415843453
2023-04-02T00:00:00.000Z,-1,1,0.46077025300572233,0.3701782203898202,52102,32473,0.5668351650238037,-0.01020356360822916,0.8553438782691956,38.412552855468824
2023-04-05T00:00:00.000Z,0.011536511592566967,0.7523685097694397,0.2886246257040293,0.17328745176211466,52102,36288,0.27783310413360596,0.06445533037185669,0.5348394513130188,99.8672062729228
2023-04-07T00:00:00.000Z,-1,1,0.696417872449345,0.27344586615766253,52102,32352,0.7926695942878723,0.35186079144477844,0.8712998628616333,10.9417721518988
2023-04-10T00:00:00.000Z,-0.15892857313156128,1,0.6921075009495395,0.24765278676023905,52102,36360,0.8055141568183899,0.2837810516357422,0.9065800309181213,16.078007877016972
2023-04-12T00:00:00.000Z,-1,1,0.34394885096968664,0.29753808029382767,52102,32601,0.3203684687614441,0.009384602308273315,0.7562102675437927,82.37526280703563
2023-04-15T00:00:00.000Z,-0.03797309845685959,1,0.5958285165786262,0.3202111104085135,52102,36168,0.7493055462837219,0.05892719328403473,0.8777429461479187,27.839839337266163
2023-04-17T00:00:00.000Z,-0.197247713804245,1,0.11202080209614783,0.16922679461440548,52102,32380,0.04603186249732971,-0.0018858041148632765,0.3331853449344635,98.11378156373578
2023-04-20T00:00:00.000Z,-0.052926432341337204,1,0.5292347805033,0.2474515905334052,52102,36264,0.5669173002243042,0.1816980540752411,0.8122507929801941,77.74340194468977
2023-04-22T00:00:00.000Z,-0.08193579316139221,1,0.21732435682522516,0.15514210559017097,52102,32467,0.18124458193778992,0.05345548316836357,0.43417367339134216,94.22459893048116
2023-04-25T00:00:00.000Z,-0.04331677407026291,1,0.608793703789798,0.22137180853402083,52102,36304,0.6703431606292725,0.25679972767829895,0.827666163444519,63.88783390302589
2023-04-27T00:00:00.000Z,-1,1,0.5431495545108932,0.3302976132352124,52102,32370,0.6558695435523987,0.041816726326942444,0.8611918687820435,38.53638759375638
2023-04-30T00:00:00.000Z,-0.030933333560824394,1,0.3248879869855056,0.24505175689856468,52102,36327,0.262938529253006,0.056091148406267166,0.7097378373146057,80.39302694136327
2023-05-02T00:00:00.000Z,-1,1,0.5431630347825557,0.34365122715642615,52102,32440,0.6437131762504578,0.03860824182629585,0.8762391209602356,38.485403316041214
2023-05-05T00:00:00.000Z,-0.02633444219827652,1,0.8024915084202126,0.16446121771963515,52102,36330,0.8589743375778198,0.6168964505195618,0.8902532458305359,14.475019021049985
2023-05-07T00:00:00.000Z,-1,1,0.6016459065928169,0.3233636964626589,52102,32432,0.7351183295249939,0.08775016665458679,0.8610760569572449,29.654295882053756
2023-05-10T00:00:00.000Z,-0.026734204962849617,1,0.44161998264710356,0.22774647309832785,52102,36189,0.39577716588974,0.17151257395744324,0.7897553443908691,65.17312888832994
2023-05-12T00:00:00.000Z,-1,1,0.6394869304235404,0.28390599948842526,52102,32479,0.7471379041671753,0.17300884425640106,0.8605098724365234,31.982877235896655
2023-05-15T00:00:00.000Z,-0.43371522426605225,1,0.6691384051234412,0.2839110235860944,52102,36356,0.8157575726509094,0.1531112790107727,0.8882855176925659,20.163851136796605
2023-05-17T00:00:00.000Z,-0.0842490866780281,1,0.08546112310643947,0.1496533495372586,52102,32415,0.02833959087729454,-0.016296468675136566,0.27581629157066345,96.92690608015486
2023-05-20T00:00:00.000Z,-0.04526015743613243,1,0.5463433554255354,0.26872972118410365,52102,36342,0.6534653306007385,0.10403531044721603,0.8176011443138123,79.32106598984753
2023-05-22T00:00:00.000Z,-1,1,0.627627303770287,0.3370900666285944,52102,32364,0.7791208624839783,0.06194690242409706,0.8866599798202515,18.360522849326177
2023-05-25T00:00:00.000Z,-0.06748154014348984,1,0.6498959223148725,0.26576570944793837,52102,36369,0.7905759215354919,0.18362358212471008,0.8637178540229797,28.513315960083972
2023-05-27T00:00:00.000Z,-1,1,0.4161335411458379,0.26158052892651834,52102,32325,0.4422386884689331,0.043889518827199936,0.7415730357170105,78.24240279112117
2023-05-30T00:00:00.000Z,-1,1,0.34225023098338214,0.3391588764422422,52102,36383,0.23128028213977814,-0.010641763918101788,0.8804827928543091,60.02926394808814
2023-06-01T00:00:00.000Z,-1,1,0.6426629371416949,0.337165306532922,52102,32499,0.7936412692070007,0.095458984375,0.8966942429542542,15.339488853746829
2023-06-04T00:00:00.000Z,-0.059324994683265686,1,0.5926791927467231,0.3118641550330378,52102,36302,0.7793684005737305,0.08930540084838867,0.8617180585861206,30.265822784810037
2023-06-06T00:00:00.000Z,-1,1,0.4815860417540584,0.3604184195844505,52102,32366,0.5722482800483704,0.005507026333361864,0.8584160804748535,35.164167004458804
2023-06-09T00:00:00.000Z,-0.09529860317707062,1,0.32748327941696276,0.3066510755239689,52102,36319,0.22228173911571503,-0.0016286644386127591,0.806675910949707,66.79972121903337
2023-06-11T00:00:00.000Z,-1,1,0.35022290604845674,0.3763610151179394,52102,32446,0.34154412150382996,0.028643572703003883,0.7908753752708435,66.41737891737914
2023-06-14T00:00:00.000Z,-1,1,0.305323871685061,0.3038144929704347,52102,36309,0.18534740805625916,0.004613019060343504,0.8250460624694824,69.27119609953786
2023-06-16T00:00:00.000Z,-1,1,0.19673785882211067,0.2895452638226615,52102,32364,0.05507468432188034,-0.031132075935602188,0.7065566182136536,75.99554159489344
2023-06-19T00:00:00.000Z,-0.06350412219762802,1,0.04835635196988131,0.11364054942982277,52102,36299,0.015407462604343891,-0.027074825018644333,0.14596836268901825,97.21571853445548
2023-06-21T00:00:00.000Z,-1,1,0.3313768640293595,0.31932581606980565,52102,32551,0.30706074833869934,-0.028648536652326584,0.7556164264678955,61.091504270881266
2023-06-24T00:00:00.000Z,-0.07349187135696411,1,0.005074665779947404,0.0650501121085067,52102,36216,-0.0071839867159724236,-0.026898734271526337,0.03464065119624138,99.6034243988421
2023-06-26T00:00:00.000Z,-0.18677686154842377,1,0.10691928247400909,0.158779883058887,52102,32481,0.05582793056964874,-0.0033743209205567837,0.2711254954338074,92.74756638295702
2023-06-29T00:00:00.000Z,-0.3616071343421936,1,0.2276783006150321,0.2745551452153273,52102,36260,0.13735008239746094,-0.047455400228500366,0.6463923454284668,77.87526827420801
2023-07-01T00:00:00.000Z,-1,1,0.42768339460430704,0.34727544541481853,52102,32487,0.47186675667762756,0.0711243599653244,0.7821629643440247,64.76676013255155
2023-07-04T00:00:00.000Z,-1,1,0.625396161751477,0.2967328865535913,52102,36277,0.7611745595932007,0.08400991559028625,0.8737162351608276,24.60663507108997
2023-07-06T00:00:00.000Z,-0.9534227252006531,1,0.05376066204334117,0.16566322259314445,52102,32397,0.014200848527252674,-0.07236205041408539,0.2270711064338684,94.8794722151737
2023-07-09T00:00:00.000Z,-0.24742268025875092,1,0.261539938733268,0.26301403572978915,52102,36285,0.17776770889759064,-0.007022866513580084,0.6791878342628479,65.41695643927412
2023-07-11T00:00:00.000Z,-1,1,0.2956158842990501,0.33437919365803936,52102,32538,0.2857142984867096,-0.003297156188637018,0.687031090259552,75.83827438151698
2023-07-14T00:00:00.000Z,-1,1,0.5490949505277954,0.3381767170009449,52102,36211,0.7394270300865173,-0.01645931601524353,0.8440154194831848,29.029010131520945
2023-07-16T00:00:00.000Z,-1,1,0.5893031486131641,0.31166503878218077,52102,32452,0.6947705149650574,0.08996960520744324,0.8611379265785217,15.506361323155234
2023-07-19T00:00:00.000Z,-0.8898429870605469,1,0.46585655279808985,0.30478493820400987,52102,36186,0.5441468358039856,0.0072869956493377686,0.7743105888366699,46.73913043478276
2023-07-21T00:00:00.000Z,-1,1,0.6310974803176517,0.3068154386008954,52102,32488,0.7446052432060242,0.1838371306657791,0.854092538356781,6.072193331293995
2023-07-24T00:00:00.000Z,-0.9468125700950623,1,0.30936844704250566,0.37172882837466564,52102,36280,0.30628570914268494,-0.12118138372898102,0.7615237832069397,49.753507773985575
2023-07-26T00:00:00.000Z,-1,1,0.3300806402076173,0.3862705442073354,52102,32455,0.39199575781822205,-0.14363884925842285,0.7760273814201355,42.20491678118816
2023-07-29T00:00:00.000Z,-0.888917863368988,1,0.1330823732797708,0.21080360144713037,52102,36250,0.0797300711274147,-0.055289506912231445,0.4411868453025818,87.65455463033042
2023-07-31T00:00:00.000Z,-1,1,0.0484163576321098,0.2410123627718614,52102,32522,-0.00882563367486,-0.12964893877506256,0.3926491141319275,88.83554647599594
2023-08-03T00:00:00.000Z,-0.7655604481697083,1,0.10926063723897886,0.22542862340258116,52102,36186,0.06284816563129425,-0.12305909395217896,0.4524259567260742,83.97838652927852
2023-08-05T00:00:00.000Z,-1,1,0.3817329355598934,0.3618395325904462,52102,32479,0.4371921122074127,-0.10652174055576324,0.801960289478302,40.45762625490482
2023-08-08T00:00:00.000Z,-0.5351389050483704,0.8944063782691956,0.012470693776053114,0.09035580104367635,52102,36180,0.014053776860237122,-0.09997980296611786,0.10737833380699158,99.72365280743625
2023-08-10T00:00:00.000Z,-1,1,0.09733870423201048,0.2720458138997975,52102,32502,-0.0019264523871243,-0.10935738682746887,0.5205234885215759,80.43367346938751
2023-08-13T00:00:00.000Z,-0.7866964340209961,1,0.2149746370934495,0.22430652749599964,52102,36286,0.18714304268360138,-0.04125860705971718,0.534246563911438,98.70384420839675
2023-08-15T00:00:00.000Z,-1,1,0.12293198498064228,0.30885330080321827,52102,32418,0.04424312710762024,-0.16518358886241913,0.5950196385383606,77.31152204836403
2023-08-18T00:00:00.000Z,-0.48293933272361755,1,0.2505584188561573,0.20955390410960928,52102,36306,0.2181159406900406,0.005905264522880316,0.554774820804596,85.32539883514846
2023-08-20T00:00:00.000Z,-1,1,0.4489273786977696,0.3669459643969616,52102,32515,0.5394646525382996,-0.08195777237415314,0.8164147138595581,47.71021595956518
2023-08-23T00:00:00.000Z,-0.9740932583808899,1,0.19567737327761583,0.23940187448366554,52102,36225,0.1567043662071228,-0.0322309173643589,0.5291773676872253,92.45449392202536
2023-08-25T00:00:00.000Z,-1,1,0.35690852587779975,0.37474037681658645,52102,32353,0.39689120650291443,-0.12812690436840057,0.812983512878418,56.8433844751638
2023-08-28T00:00:00.000Z,-0.9605234861373901,1,0.6238390480482067,0.19174492043826125,52102,36341,0.6731804013252258,0.3828391432762146,0.7989296913146973,67.83833513101962
2023-08-30T00:00:00.000Z,-1,1,0.5452955967792831,0.3443790870071849,52102,32464,0.7026759386062622,-0.036601897329092026,0.8155864477157593,15.678786027090357
2023-09-02T00:00:00.000Z,-0.7668560743331909,1,0.1530151555979007,0.26827620072291314,52102,36321,0.03420218080282211,-0.07939054071903229,0.5993363857269287,86.9970217349981
2023-09-04T00:00:00.000Z,-1,1,0.279543700664875,0.3791546480395817,52102,32356,0.2541956603527069,-0.1541784107685089,0.7792452573776245,53.418413855970705
2023-09-07T00:00:00.000Z,-0.6242755055427551,1,0.2970227154129406,0.25410919413837624,52102,36376,0.2262156456708908,0.03644698113203049,0.7172414064407349,71.75378354317688
2023-09-09T00:00:00.000Z,-1,1,0.31407654258903217,0.36130247057167675,52102,32420,0.16175803542137146,-0.045688219368457794,0.8098630309104919,59.2571893100294
2023-09-12T00:00:00.000Z,-0.687363862991333,1,0.3004059088522281,0.28834438536716517,52102,36332,0.24729982018470764,-0.025385115295648575,0.7510854005813599,66.94356372859845
2023-09-14T00:00:00.000Z,-0.7693977355957031,1,0.06776802956974136,0.15663699796192326,52102,32342,0.030721064656972885,-0.06237075477838516,0.2582368552684784,97.20647773279407
2023-09-17T00:00:00.000Z,-0.7381916046142578,1,0.37966162883410315,0.3369757654916611,52102,36320,0.34614652395248413,-0.04655572026968002,0.8155339956283569,52.04029907489552
2023-09-19T00:00:00.000Z,-1,1,0.2073346701260613,0.3270365207800361,52102,32439,0.1550157517194748,-0.12133675813674927,0.6765821576118469,74.5308447337641
2023-09-22T00:00:00.000Z,-0.8586202263832092,1,0.3055092193209701,0.3085937595968524,52102,36328,0.30650341510772705,-0.09298601746559143,0.709256112575531,80.67072397616319
2023-09-24T00:00:00.000Z,-1,1,0.370167684536506,0.37445965167900397,52102,32417,0.43578818440437317,-0.1000070795416832,0.7812650799751282,64.12496824993646
2023-09-27T00:00:00.000Z,-0.9309683442115784,1,0.3699876597368349,0.33314788427246916,52102,36288,0.329861581325531,-0.02220272086560726,0.8165282607078552,52.16896420892846
2023-09-29T00:00:00.000Z,-1,1,0.2666209707229403,0.3853849590853557,52102,32539,0.2841750979423523,-0.11009033024311066,0.7167558670043945,79.23631344885774
2023-10-02T00:00:00.000Z,-0.41625916957855225,1,0.8060513754426268,0.06170662055569221,52102,36148,0.8125240206718445,0.7776876091957092,0.8428860306739807,0.8775228782750416
2023-10-04T00:00:00.000Z,-1,1,0.5429432350511308,0.33236686499768775,52102,32478,0.6756007671356201,-0.02209804393351078,0.8197358250617981,20.04688136975138
2023-10-07T00:00:00.000Z,-1,1,0.22643055838484943,0.2992683752240714,52102,36159,0.17528416216373444,-0.09134615212678909,0.6464811563491821,83.69190240230856
2023-10-09T00:00:00.000Z,-1,1,0.5149381356653554,0.3623089009957114,52102,32617,0.6640493273735046,-0.0702676847577095,0.8377676606178284,26.671798819604813
2023-10-12T00:00:00.000Z,-0.5846655964851379,1,0.5647348000001173,0.2802124056059172,52102,36198,0.6713762283325195,0.13433332741260529,0.8332775235176086,31.482645875251507
2023-10-14T00:00:00.000Z,-1,1,0.3368711037085933,0.4080373025026227,52102,32683,0.4054054021835327,-0.1331041157245636,0.7808285355567932,66.88294968844968
2023-10-17T00:00:00.000Z,-0.4526315927505493,1,0.7029743893051709,0.20769572193143995,52102,36080,0.7991787791252136,0.3846653699874878,0.8723404407501221,18.405941829983785
2023-10-19T00:00:00.000Z,-0.23780439794063568,1,0.039426476181020687,0.06658278482409699,52102,32546,0.02593659982085228,-0.013454334810376167,0.10859573632478714,99.97954591941092
2023-10-22T00:00:00.000Z,-1,1,0.7079752983533935,0.2939078694798781,52102,36209,0.8267096281051636,0.26351198554039,0.9129193425178528,13.106399043604181
2023-10-24T00:00:00.000Z,-1,1,0.2545434539576496,0.3418969186751401,52102,32513,0.21248683333396912,-0.13667863607406616,0.7355524897575378,73.60763693909863
2023-10-27T00:00:00.000Z,-0.3888220489025116,0.3779500722885132,0.01230619986037785,0.02823906155779737,52102,36187,0.007980049587786198,-0.016503173857927322,0.0489991158246994,100
2023-10-29T00:00:00.000Z,-1,1,0.2010549591078422,0.3181551112817504,52102,32519,0.10313199460506439,-0.09462513774633408,0.71282958984375,79.87029566460677
2023-11-01T00:00:00.000Z,-0.5236758589744568,1,0.07075516298825837,0.14549190114340443,52102,36307,0.02254590578377247,-0.03341029956936836,0.27633392810821533,99.82272871161757
2023-11-03T00:00:00.000Z,-0.4244743585586548,1,0.1343339686596993,0.17344646053346421,52102,32548,0.05518408119678497,0.0054119061678647995,0.39053821563720703,92.58975145750196
2023-11-08T00:00:00.000Z,-1,1,0.7175115712900727,0.3160344901003299,52102,32409,0.8407027721405029,0.339510053396225,0.8864734172821045,6.768902655765998
2023-11-11T00:00:00.000Z,-0.8388285636901855,1,0.15414458531150324,0.28801107396098774,52102,36301,0.09960773587226868,-0.1522274911403656,0.5552130341529846,89.34877539396251
2023-11-13T00:00:00.000Z,-0.6760615110397339,1,0.04488476987016333,0.1613636621032052,52102,32454,0.012053673155605793,-0.05421609804034233,0.14029446244239807,95.19543973941367
2023-11-16T00:00:00.000Z,-1,1,0.5318049564700327,0.3466314994947072,52102,36215,0.6173027753829956,0.03437967225909233,0.8952482342720032,35.469251589349675
2023-11-18T00:00:00.000Z,-1,1,0.3007198283385817,0.3532790173232709,52102,32631,0.18730159103870392,-0.04951532557606697,0.835870623588562,64.26480406758715
2023-11-21T00:00:00.000Z,-1,1,0.11349045274609025,0.2718807967595835,52102,36040,0.026529507711529732,-0.1240326315164566,0.5049793720245361,88.37006599427252
2023-11-23T00:00:00.000Z,-0.9253438115119934,1,0.13352304547253765,0.26322836241781405,52102,32604,0.03976047784090042,-0.06381265819072723,0.5439065098762512,85.7062262796185
2023-11-26T00:00:00.000Z,-1,1,0.09631183027462219,0.18457424058840521,52102,36010,0.0472782626748085,-0.050115086138248444,0.3287316560745239,92.42480735769334
2023-11-28T00:00:00.000Z,-1,1,0.45431097320316366,0.32311868174819985,52102,32721,0.46439555287361145,0.023937532678246498,0.8498168587684631,43.30013931169718
2023-12-01T00:00:00.000Z,-0.9186535477638245,1,0.49252001948926205,0.36163053565996445,52102,36077,0.5567010045051575,0.016365202143788338,0.8896202445030212,37.547581903276324
2023-12-03T00:00:00.000Z,-1,1,0.19580665411007303,0.3857952090755228,52102,32749,0.11426188796758652,-0.20713214576244354,0.7554929852485657,75.36815997519815
2023-12-06T00:00:00.000Z,-1,1,0.41274155873226703,0.4451968892994798,52102,36014,0.4758141040802002,-0.19950056076049805,0.9923954606056213,45.611636001989176
2023-12-08T00:00:00.000Z,-1,1,0.5024352890370278,0.40702669544877895,52102,32736,0.6790419220924377,-0.11647520959377289,0.8756188154220581,30.636166477331177
2023-12-11T00:00:00.000Z,-0.8425068259239197,1,0.6288780090397803,0.26976416223659483,52102,36036,0.7612957954406738,0.20400837063789368,0.8564500212669373,21.785136312710048
2023-12-13T00:00:00.000Z,-1,1,0.3612649301765375,0.42384702845320105,52102,32578,0.3873348832130432,-0.2083333283662796,0.8608520030975342,50.38414259373093
2023-12-16T00:00:00.000Z,-1,1,0.331959338395006,0.4040286524411502,52102,36144,0.18665114045143127,-0.08161655068397522,0.8369372487068176,55.82153152024102
2023-12-18T00:00:00.000Z,-1,1,0.46099103161299015,0.4050901711446558,52102,32495,0.6052442789077759,-0.1549874097108841,0.859549343585968,34.36527770694141
2023-12-21T00:00:00.000Z,-0.8499016761779785,1,0.04199676824889405,0.21968107735533685,52102,36331,-0.009045634418725967,-0.1018867939710617,0.253865510225296,92.0423562234484
2023-12-23T00:00:00.000Z,-1,1,0.4049584219887084,0.3537371886015021,52102,32518,0.5188828706741333,-0.12419974058866501,0.7643125653266907,44.15339052287556
2023-12-26T00:00:00.000Z,-0.504807710647583,1,0.312930944504269,0.28467053495313666,52102,36193,0.2590700089931488,-0.020079098641872406,0.6976182460784912,67.42724244138533
2023-12-28T00:00:00.000Z,-1,1,0.22348949420525555,0.312989662301294,52102,32403,0.14049790799617767,-0.09838767349720001,0.7399004101753235,73.63825574902283
2023-12-31T00:00:00.000Z,-0.43887192010879517,0.9106964468955994,0.2634259982396702,0.16852063607785497,52102,36361,0.2712215185165405,0.02807215414941311,0.49154454469680786,99.80306206721336
2024-01-02T00:00:00.000Z,-0.9423739314079285,1,0.14081145574939125,0.24828901143527837,52102,32484,0.07109557092189789,-0.10919621586799622,0.5356490015983582,80.51279437251449
2024-01-05T00:00:00.000Z,-1,1,0.4417914458046726,0.29814767184149643,52102,36179,0.44655343890190125,0.04402749240398407,0.8221294283866882,59.21622809772018
2024-01-07T00:00:00.000Z,-1,1,0.30236033101090387,0.3586881836699216,52102,32515,0.271997332572937,-0.12316806614398956,0.7734577655792236,54.842497574922255
2024-01-10T00:00:00.000Z,-0.6587605476379395,1,0.15207557832298085,0.22727582436852906,52102,36190,0.08234955370426178,-0.07095421105623245,0.5269140005111694,80.09049773755642
2024-01-12T00:00:00.000Z,-0.844245970249176,1,0.037639784834289175,0.1594328418857421,52102,32650,0.012406155467033386,-0.1077263206243515,0.2126186639070511,97.39358420727926
2024-01-15T00:00:00.000Z,-0.537953794002533,0.7793819308280945,0.04292773883061763,0.09276587357347607,52102,35970,0.0320756770670414,-0.040420372039079666,0.1399862915277481,100
2024-01-17T00:00:00.000Z,-0.9202800989151001,1,0.34747202606929817,0.3235129351388991,52102,32547,0.3896576762199402,-0.10676408559083939,0.6989509463310242,57.325492201482966
2024-01-20T00:00:00.000Z,-1,1,0.47735298588995095,0.32268158149781645,52102,36210,0.5680211782455444,0.009384775534272194,0.8185961842536926,26.258494840171164
2024-01-22T00:00:00.000Z,-1,1,0.09675946356144166,0.23204230903745185,52102,32775,0.06083761900663376,-0.12461940199136734,0.38812509179115295,88.1926838102136
2024-01-25T00:00:00.000Z,-1,1,0.47279487993875524,0.3249665488646653,52102,35974,0.6107608079910278,-0.03223190829157829,0.7854259610176086,26.680307539682484
2024-01-27T00:00:00.000Z,-1,1,0.31818600201842884,0.37861585827421196,52102,32660,0.32893288135528564,-0.17718806862831116,0.771047830581665,45.29883756815142
2024-01-30T00:00:00.000Z,-0.7881100177764893,1,0.16564889775431255,0.2368451136990789,52102,36038,0.0937158465385437,-0.0577772855758667,0.5358600616455078,80.00498007968143
2024-02-01T00:00:00.000Z,-1,1,0.3502552372275201,0.35774122053526647,52102,32652,0.44057780504226685,-0.1463918387889862,0.7612800002098083,48.50385604113113
2024-02-04T00:00:00.000Z,-0.8958930373191833,1,0.305370661211046,0.32082223589188763,52102,36031,0.30545032024383545,-0.08675459772348404,0.6889618635177612,44.91319768527149
2024-02-06T00:00:00.000Z,-1,1,0.29369273263965595,0.34071799857803553,52102,32650,0.2107306718826294,-0.06963913142681122,0.7779315114021301,58.69833436150523
2024-02-09T00:00:00.000Z,-0.9972492456436157,1,0.16745445990331095,0.3024258356036585,52102,36185,0.094922736287117,-0.1368534415960312,0.6912350654602051,75.93139410692967
2024-02-11T00:00:00.000Z,-1,1,0.3858842198878857,0.3808260372204643,52102,32643,0.4801969528198242,-0.11816578358411789,0.7866109013557434,47.895575312194445
2024-02-14T00:00:00.000Z,-0.5420244336128235,0.9753731489181519,-0.0023687894708430187,0.07826201618219975,52102,36102,-0.0073042684234678745,-0.06605996936559677,0.05696646496653557,99.61875000000002
2024-02-16T00:00:00.000Z,-1,1,0.3065701988836164,0.2859018851422006,52102,32502,0.24769319593906403,-0.016915058717131615,0.7533419728279114,64.55102040816298
2024-02-19T00:00:00.000Z,-0.6147785782814026,1,0.6013899812825977,0.24974722029853824,52102,36259,0.7401330471038818,0.20566228032112122,0.8175469040870667,34.336931136779505
2024-02-21T00:00:00.000Z,-0.9444444179534912,1,0.13737117860972753,0.28507286905326085,52102,32606,0.06157903000712395,-0.15750788152217865,0.5576376914978027,85.60217480508857
2024-02-24T00:00:00.000Z,-0.7288864850997925,1,0.5892370433515444,0.23463338084043664,52102,36130,0.6580386161804199,0.19070637226104736,0.7914572954177856,73.50989231154557
2024-02-26T00:00:00.000Z,-0.25303590297698975,1,0.11572838345181907,0.14435849713233864,52102,32596,0.06326304376125336,0.007666192017495632,0.3519403636455536,99.89746744591415
2024-02-29T00:00:00.000Z,-0.4936521351337433,1,0.3625376463463154,0.3259918606831181,52102,36106,0.3047120273113251,-0.035757776349782944,0.8068867325782776,61.01525381345332
2024-03-02T00:00:00.000Z,-1,1,0.567282855876862,0.42762468580222684,52102,32428,0.7049808502197266,0.11284046620130539,0.8884119987487793,68.57273559011922
2024-03-05T00:00:00.000Z,-0.6359789967536926,1,0.04267161796388697,0.1538507955066946,52102,36294,0.006401435937732458,-0.061275046318769455,0.18467624485492706,95.93876518218634
2024-03-07T00:00:00.000Z,-1,1,0.5074035102418432,0.3474955604694417,52102,32895,0.6172704100608826,-0.03738238662481308,0.8308942914009094,32.732857812256015
2024-03-10T00:00:00.000Z,-0.7665198445320129,1,0.750514617982571,0.15429003662249915,52102,35967,0.8030815720558167,0.5911439061164856,0.8412587642669678,12.432599938022996
2024-03-12T00:00:00.000Z,-1,1,0.5091651095732573,0.368664387914098,52102,32401,0.7094513177871704,-0.056738320738077164,0.826015830039978,30.901984670828988
2024-03-15T00:00:00.000Z,-1,1,0.38600732632848994,0.3448325864705804,52102,36282,0.37321195006370544,-0.04079967364668846,0.8161975741386414,64.98735777496842
2024-03-17T00:00:00.000Z,-1,1,0.5836258037986539,0.314323264150455,52102,32600,0.705241322517395,0.08314773440361023,0.8266950249671936,16.362424366731577
2024-03-20T00:00:00.000Z,-1,1,0.6082629582678513,0.3591590379066471,52102,36221,0.7974263429641724,-0.050617869943380356,0.837217390537262,23.096782318493528
2024-03-22T00:00:00.000Z,-1,1,0.3380312562787214,0.3555232550079717,52102,32370,0.37529975175857544,-0.08049535751342773,0.7438156604766846,69.26819379687812
2024-03-25T00:00:00.000Z,-0.9098196625709534,1,0.7536762077745072,0.1783034080955463,52102,36295,0.810784637928009,0.5754228234291077,0.8428627252578735,5.1622698804326825
2024-03-27T00:00:00.000Z,-0.3808196187019348,1,0.07150083445244272,0.10723735352109878,52102,32511,0.0420064814388752,-0.009621899574995041,0.18464617431163788,99.5610229186876
2024-03-30T00:00:00.000Z,-0.37940454483032227,1,0.7536667741515807,0.1428899079502494,52102,36211,0.8056536912918091,0.5621156096458435,0.8382627964019775,4.008558303442212
2024-04-01T00:00:00.000Z,-1,1,0.2779304585167908,0.35350161830913923,52102,32600,0.1568598747253418,-0.07212166488170624,0.814912736415863,65.67531535227192
2024-04-04T00:00:00.000Z,-1,1,0.45300219206598524,0.3171833697667076,52102,35972,0.46458473801612854,0.021266596391797066,0.8484244346618652,42.64104153750747
2024-04-06T00:00:00.000Z,-1,1,0.17051393747671229,0.23549459452761232,52102,32632,0.08988577872514725,-0.02256063185632229,0.5465313196182251,90.55469953775066
2024-04-09T00:00:00.000Z,-1,1,0.4796596843338163,0.3560413369376273,52102,36223,0.515351414680481,0.005941865965723991,0.8740818500518799,47.29516972101527
2024-04-11T00:00:00.000Z,-1,1,0.5461522221383668,0.3571134154185137,52102,32466,0.6897659301757812,0.013339466415345669,0.8756727576255798,30.943165614178238
2024-04-14T00:00:00.000Z,-0.849056601524353,1,0.5059404635494825,0.26622027494840966,52102,36306,0.5556399822235107,0.11965811997652054,0.8149594664573669,72.60065839453038
2024-04-16T00:00:00.000Z,-1,1,0.5864403621405162,0.3625917632825101,52102,32419,0.7304581999778748,0.004435346461832523,0.8794742226600647,26.652441192907695
2024-04-19T00:00:00.000Z,-0.7680397033691406,1,0.7821017273874218,0.10132795425468408,52102,36362,0.8003556132316589,0.7206664085388184,0.8455162048339844,41.95044472681079
2024-04-21T00:00:00.000Z,-1,1,0.30276901422527375,0.3458978372999194,52102,32296,0.20033955574035645,-0.06395917385816574,0.8152018785476685,66.30314046248584
2024-04-24T00:00:00.000Z,-0.3831995725631714,1,0.1007371812973759,0.2208506548222591,52102,36343,0.01825217716395855,-0.032018743455410004,0.448128342628479,89.42191763436765
2024-04-26T00:00:00.000Z,-0.46327292919158936,1,0.12181081214371826,0.1896008326894844,52102,32538,0.038211870938539505,-0.010697199031710625,0.425779789686203,99.47863422612961
2024-04-29T00:00:00.000Z,-1,1,0.700441728373743,0.3068562568273503,52102,36274,0.8238694071769714,0.2469838410615921,0.9023657441139221,22.119029567854444
2024-05-01T00:00:00.000Z,-1,1,0.2612597194380091,0.3064198354068149,52102,32353,0.1631765365600586,-0.016638770699501038,0.7604859471321106,64.7779634411868
2024-05-04T00:00:00.000Z,-0.6128888130187988,1,0.037050918167464475,0.10650713492447879,52102,36319,0.023216165602207184,-0.042640600353479385,0.10596928000450134,98.49838433757854
2024-05-06T00:00:00.000Z,-1,1,0.5031011073283225,0.41552576856572687,52102,32452,0.670606791973114,-0.10096408426761627,0.8812918066978455,35.725190839694804
2024-05-09T00:00:00.000Z,-0.35625189542770386,1,0.1808610637194105,0.16935243428212476,52102,36302,0.14808043837547302,-0.007157894782721996,0.4157048165798187,98.31645569620264
2024-05-11T00:00:00.000Z,-1,1,0.6361344209321103,0.3464537017964294,52102,32366,0.7776166200637817,0.13431449234485626,0.8875864148139954,22.47162545601941
2024-05-14T00:00:00.000Z,-0.36005115509033203,1,0.468022364538673,0.20133802757915287,52102,36284,0.481210857629776,0.17172592878341675,0.7204552292823792,98.37526868124935
2024-05-16T00:00:00.000Z,-1,1,0.6438067678732872,0.3600405192182068,52102,32720,0.8103331327438354,0.015622277744114399,0.8860934376716614,15.287380043339233
2024-05-19T00:00:00.000Z,-0.5322580933570862,1,0.2711694950185789,0.3300154063407394,52102,36110,0.12263517081737518,-0.05303630977869034,0.794765293598175,90.57028514257172
2024-05-21T00:00:00.000Z,-1,1,0.5450466071189493,0.3599922666238389,52102,32620,0.6789264678955078,-0.011536776088178158,0.8733786344528198,37.85545631865302
2024-05-24T00:00:00.000Z,-1,1,0.5770307321902053,0.3354806497591128,52102,35996,0.6802910566329956,0.08904703706502914,0.8954114317893982,34.26673289457342
2024-05-26T00:00:00.000Z,-1,1,0.34836278340716326,0.38493227641006966,52102,32606,0.2872355282306671,-0.08104496449232101,0.8536887764930725,59.35063602790292
2024-05-29T00:00:00.000Z,-0.8817416429519653,1,0.5340353777334153,0.31083261656917155,52102,36128,0.6555162668228149,0.06580789387226105,0.8390113711357117,53.78740453236504
2024-05-31T00:00:00.000Z,-1,1,0.4927259064841422,0.3778591566090761,52102,32449,0.6292394399642944,-0.10031489282846451,0.8529026508331299,35.31776319137051
2024-06-03T00:00:00.000Z,-0.8643894195556641,1,0.4452035239167624,0.3504001106454784,52102,36331,0.49637243151664734,-0.025189125910401344,0.8242802023887634,44.24576754803119
2024-06-05T00:00:00.000Z,-1,1,0.3335091724200586,0.3789034337071524,52102,32465,0.3641439974308014,-0.13585028052330017,0.7938058376312256,51.672862453531366
2024-06-08T00:00:00.000Z,-1,1,0.16033910623073652,0.3129624840953972,52102,36325,0.04090186581015587,-0.10618356615304947,0.6913783550262451,79.58420485516905
2024-06-10T00:00:00.000Z,-1,1,0.5161028795965017,0.3510194954855238,52102,32270,0.6473605632781982,-0.021949078887701035,0.8540184497833252,27.329568374344337
2024-06-13T00:00:00.000Z,-1,1,0.4843585947757906,0.3785987712501247,52102,36410,0.6019383668899536,-0.04181601107120514,0.8619734048843384,37.19729798623509
2024-06-15T00:00:00.000Z,-1,1,0.32366172802016163,0.3685936910026157,52102,32476,0.3893081843852997,-0.17786864936351776,0.7464315891265869,56.94486905125786
2024-06-18T00:00:00.000Z,-1,1,0.7068725924557444,0.24664749708988637,52102,36263,0.8045302033424377,0.3238024413585663,0.8705553412437439,10.133215480775291
2024-06-20T00:00:00.000Z,-1,1,0.5688276852118571,0.386114509530958,52102,32352,0.7268403172492981,-0.03347451984882355,0.8582480549812317,24.997468354430396
2024-06-23T00:00:00.000Z,-1,1,0.6759141159370561,0.1700855972514851,52102,36273,0.7230769395828247,0.48580101132392883,0.8100386261940002,88.25573314801962
2024-06-25T00:00:00.000Z,-1,1,0.6631073710460273,0.329242718630551,52102,32481,0.7909407615661621,0.17557932436466217,0.8809401988983154,7.028184088476657
2024-06-28T00:00:00.000Z,-1,1,0.6804126339707316,0.24437913623920043,52102,36304,0.7748091816902161,0.3609355390071869,0.857440173625946,19.021395113305445
2024-06-30T00:00:00.000Z,-1,1,0.43835543187525494,0.38444900496010853,52102,32518,0.5272442102432251,-0.09594883024692535,0.8217207193374634,39.07271241830079
2024-07-03T00:00:00.000Z,-0.8367505073547363,1,0.36118590084272606,0.3214713511266742,52102,36198,0.410439670085907,-0.0893760547041893,0.7306674718856812,55.34456740442687
2024-07-05T00:00:00.000Z,-1,1,0.4344706839651401,0.3949897153394726,52102,32498,0.5615545511245728,-0.18859390914440155,0.8289327025413513,29.31544582738227
2024-07-08T00:00:00.000Z,-0.6179039478302002,1,0.7188557980999382,0.201194692323716,52102,36213,0.7980430722236633,0.47286149859428406,0.8566867709159851,14.55724085845553
2024-07-10T00:00:00.000Z,-0.966022789478302,1,0.23673565710510822,0.3107469508711424,52102,32548,0.20499633252620697,-0.13379499316215515,0.6452882885932922,59.86498926050922
2024-07-13T00:00:00.000Z,-1,1,0.3223186696289808,0.4089270893043159,52102,36098,0.33439069986343384,-0.21833579242229462,0.8372703194618225,47.30692326918274
2024-07-15T00:00:00.000Z,-1,1,0.16380327277288823,0.32722743622508416,52102,32559,0.07808667421340942,-0.1764705926179886,0.6533665657043457,68.6486209896125
2024-07-18T00:00:00.000Z,-0.8839061260223389,1,0.18264609172387697,0.24961479354674798,52102,36241,0.15495732426643372,-0.1122969314455986,0.5268185138702393,69.327280751529
2024-07-20T00:00:00.000Z,-1,1,0.08908758300600082,0.26063869684869445,52102,32678,0.004934948403388262,-0.12258201837539673,0.5103734731674194,79.24732289950568
2024-07-23T00:00:00.000Z,-0.9803736209869385,1,0.13769357073715227,0.2644333006952749,52102,36071,0.09889015555381775,-0.1491868942975998,0.49666497111320496,81.95371467781179
2024-07-25T00:00:00.000Z,-1,1,0.5686359674562896,0.347060926902044,52102,32577,0.7129828333854675,-0.02225189097225666,0.849254310131073,13.725992317541566
2024-07-28T00:00:00.000Z,-0.753564178943634,1,0.22083492234371643,0.24093962896241353,52102,36129,0.21114644408226013,-0.07400978356599808,0.5344714522361755,53.28366618669001
2024-07-30T00:00:00.000Z,-1,1,0.34033822311098527,0.3453934230997437,52102,32560,0.3855328857898712,-0.11421399563550949,0.7516031265258789,51.908709446320614
2024-08-02T00:00:00.000Z,-1,1,0.5105670120668506,0.34957030664367383,52102,36127,0.6450311541557312,-0.017375033348798752,0.834165096282959,24.363067292644768
2024-08-04T00:00:00.000Z,-1,1,0.3785263117524178,0.37485133268435256,52102,32628,0.48926153779029846,-0.14499253034591675,0.7625764012336731,32.638389647735636
2024-08-07T00:00:00.000Z,-0.9340757131576538,1,0.4076878759108502,0.27771127601870993,52102,36231,0.4973031282424927,-0.003976142965257168,0.6588139533996582,29.43103774179291
2024-08-09T00:00:00.000Z,-1,1,0.22909556890393096,0.32219894034185226,52102,32667,0.2174805998802185,-0.15875709056854248,0.6235884428024292,55.07589400566001
2024-08-12T00:00:00.000Z,-0.6073943376541138,1,0.10237430628732447,0.20075914974486486,52102,36094,0.005908419378101826,-0.03600450977683067,0.45140090584754944,89.84882558720649
2024-08-14T00:00:00.000Z,-0.9558431506156921,1,0.10434306522395714,0.25975070175695036,52102,32453,0.024921981617808342,-0.12329667061567307,0.5068492889404297,84.48776019135849
2024-08-17T00:00:00.000Z,-0.8695651888847351,1,0.2668898382550359,0.27629720936683083,52102,36247,0.2655828893184662,-0.060804568231105804,0.6315018534660339,51.333964049195714
2024-08-19T00:00:00.000Z,-1,1,0.2693961569755137,0.3612432396501707,52102,32714,0.15499864518642426,-0.07499346882104874,0.7603238821029663,57.21064576026381
2024-08-22T00:00:00.000Z,-0.52073734998703,1,0.03483056729923459,0.1437757552091689,52102,35850,0.005632853601127863,-0.09083209931850433,0.19267229735851288,96.30199360078761
2024-08-24T00:00:00.000Z,-1,1,0.4290769659837953,0.3494350592493485,52102,32689,0.528769850730896,-0.08995882421731949,0.7950937747955322,35.93983413176735
2024-08-27T00:00:00.000Z,-0.9872224926948547,1,0.21050205268831107,0.31756521411795463,52102,36215,0.20725604891777039,-0.19741670787334442,0.6155938506126404,64.4866872285516
2024-08-29T00:00:00.000Z,-0.6709537506103516,1,0.0596331095912483,0.15094198881518217,52102,32714,0.016624171286821365,-0.041917115449905396,0.2345409095287323,97.16319372807932
2024-09-01T00:00:00.000Z,-1,1,0.023225101515093088,0.1250256955683893,52102,36087,0.01918035000562668,-0.08847959339618683,0.12630312144756317,53.693412425850916
2024-09-03T00:00:00.000Z,-1,1,0.38990177784102814,0.3547964469174816,52102,32405,0.4718468487262726,-0.11442785710096359,0.7857142686843872,36.69086662943587
2024-09-06T00:00:00.000Z,-0.6640192270278931,1,0.060967184407735846,0.17326054612479158,52102,36349,0.010018260218203068,-0.06698355823755264,0.28254762291908264,91.53811972322781
2024-09-08T00:00:00.000Z,-1,1,0.33657584095157617,0.3781682430979095,52102,32538,0.32388269901275635,-0.11416120082139969,0.807972252368927,47.07115109384587
2024-09-11T00:00:00.000Z,-1,1,0.6947565544825247,0.2650894062258721,52102,36115,0.7947446703910828,0.19299936294555664,0.8453267216682434,13.173203227622507
2024-09-13T00:00:00.000Z,-1,1,0.21815683867455463,0.3658574814523941,52102,32475,0.24782685935497284,-0.12000739574432373,0.6227308511734009,74.86116064604872
2024-09-16T00:00:00.000Z,-1,1,0.2525661783143393,0.2822172401196792,52102,36163,0.18033945560455322,-0.030775004997849464,0.6652122139930725,67.23759332454969
2024-09-18T00:00:00.000Z,-1,1,0.5691844693847121,0.2938769625360989,52102,32443,0.6475282907485962,0.1505431979894638,0.8189415335655212,21.572816521695
2024-09-21T00:00:00.000Z,-1,1,0.3960767453433612,0.34914848551484706,52102,36290,0.38777628540992737,-0.015815526247024536,0.8413209915161133,42.49304325828469
2024-09-23T00:00:00.000Z,-1,1,0.24441748730006563,0.3672967355216764,52102,32607,0.13104498386383057,-0.12772585451602936,0.7728620171546936,63.38548345729655
2024-09-26T00:00:00.000Z,-0.9896640777587891,1,0.59985910923212,0.300549585980977,52102,36274,0.7355718612670898,0.12950122356414795,0.8403131365776062,16.262319939347986
2024-09-28T00:00:00.000Z,-1,1,0.16815710809646853,0.35366039802720123,52102,32342,0.14873509109020233,-0.10831663012504578,0.6063230633735657,92.17105263157922
2024-10-01T00:00:00.000Z,-0.7614933848381042,1,0.27559925366296956,0.273655560311845,52102,36331,0.20734421908855438,-0.020725388079881668,0.6932888031005859,71.13055608395167
2024-10-03T00:00:00.000Z,-1,1,0.12913697654474876,0.2975913394182166,52102,32396,0.05640251934528351,-0.11669062823057175,0.5619014501571655,86.68425860144126
2024-10-06T00:00:00.000Z,-0.8595879673957825,1,0.062339520085402195,0.21315390375955776,52102,36307,-0.009701975621283054,-0.07633479684591293,0.39404553174972534,90.57929724596401
2024-10-08T00:00:00.000Z,-1,1,0.21391945465246878,0.35141254132104394,52102,32649,0.1408786028623581,-0.14610905945301056,0.7275204062461853,68.4984321184394
2024-10-11T00:00:00.000Z,-1,1,0.16057014901110045,0.24277216678277483,52102,36040,0.08512269705533981,-0.03488883003592491,0.5179657340049744,84.7030257751213
2024-10-13T00:00:00.000Z,-1,1,0.47349912267190514,0.38062265975531273,52102,32553,0.6228047609329224,-0.10874400287866592,0.836785614490509,28.76361962248709
2024-10-16T00:00:00.000Z,-0.4542967975139618,0.7403740286827087,0.024662686859976538,0.059033409502546826,52102,36295,0.0103249317035079,-0.013196376152336597,0.0941927433013916,100
2024-10-18T00:00:00.000Z,-1,1,0.16956740063539752,0.2895682064519952,52102,32501,0.06382978707551956,-0.09404057264328003,0.6382505297660828,81.62848834243141
2024-10-21T00:00:00.000Z,-0.6003513336181641,1,0.26360913637092137,0.22745107193752195,52102,36211,0.2248251736164093,0.007530054077506065,0.5901734232902527,84.76496129884852
2024-10-23T00:00:00.000Z,-1,1,0.3783286311725398,0.4026705143391407,52102,32395,0.4315659701824188,-0.16814741492271423,0.8376762270927429,42.543258740549135
2024-10-26T00:00:00.000Z,-0.39487653970718384,1,0.03307023786145077,0.05947780195965359,52102,36380,0.027349578216671944,-0.014862571842968464,0.08448246121406555,99.9872789721408
2024-10-28T00:00:00.000Z,-0.7132696509361267,1,0.2230474632518875,0.23230818023862648,52102,32383,0.18243570625782013,-0.015329125337302685,0.5477178692817688,93.66093615294878
2024-10-31T00:00:00.000Z,-0.870569109916687,1,0.08310821346597247,0.1926247970600641,52102,36277,0.03368718922138214,-0.059822309762239456,0.3131556212902069,95.17219589257506
2024-11-02T00:00:00.000Z,-1,1,0.38521966708468436,0.3994310773162096,52102,32546,0.4353097975254059,-0.12364177405834198,0.8345483541488647,46.205768050726284
2024-11-05T00:00:00.000Z,-1,1,0.35247885030299747,0.37455004169863776,52102,36036,0.34660521149635315,-0.12556731700897217,0.8524974584579468,50.1120378438942
2024-11-07T00:00:00.000Z,-0.9649161100387573,1,0.013119067400922443,0.09543302092774769,52102,34948,0.0035320711322128773,-0.04853426665067673,0.07005524635314941,99.3354319692204
2024-11-10T00:00:00.000Z,-0.6287673711776733,0.7737789154052734,0.0418559339139003,0.0943827103580932,52102,36133,0.020554903894662857,-0.03260421007871628,0.1501665562391281,99.39883524328393
2024-11-12T00:00:00.000Z,-1,1,0.28400141098520915,0.3274002461992349,52102,32707,0.20122094452381134,-0.047235388308763504,0.7866563200950623,65.47048208301113
2024-11-15T00:00:00.000Z,-0.8250377178192139,1,0.6483365795658701,0.2941670804138684,52102,36144,0.7937427759170532,0.12389528006315231,0.8703181743621826,17.401930066424335
2024-11-17T00:00:00.000Z,-0.7231281399726868,1,0.21529140584462367,0.25878602963491354,52102,32488,0.12943167984485626,-0.027614353224635124,0.6267837285995483,78.17375344141894
2024-11-20T00:00:00.000Z,-0.5881255269050598,1,0.20754617778778275,0.2587878409185788,52102,36183,0.14522460103034973,-0.060508664697408676,0.6101050972938538,99.42835605251581
2024-11-22T00:00:00.000Z,-1,1,0.27521751081930834,0.399867580822237,52102,32552,0.19551506638526917,-0.16678699851036072,0.8337056636810303,61.687979539641645
2024-11-25T00:00:00.000Z,-0.8945277333259583,1,0.2515712739897283,0.26452100132219464,52102,36416,0.18623481690883636,-0.030206041410565376,0.6564204096794128,71.94313400484475
2024-11-27T00:00:00.000Z,-1,1,0.207612537787165,0.32080326934905395,52102,32654,0.16001510620117188,-0.1003887876868248,0.6582346558570862,74.34183463595205
2024-11-30T00:00:00.000Z,-1,1,0.41880023676942846,0.36493535426686013,52102,36126,0.45069000124931335,-0.06725514680147171,0.8472727537155151,37.98197295943925
2024-12-05T00:00:00.000Z,-0.8634443879127502,1,0.20552852020829326,0.3039583873000515,52102,36239,0.0515001006424427,-0.045245397835969925,0.7233670949935913,70.19479291432908
2024-12-07T00:00:00.000Z,-1,1,0.47300167783273295,0.38875597596633255,52102,32431,0.6082473993301392,-0.11200422793626785,0.8416690230369568,30.659346245742253
2024-12-10T00:00:00.000Z,-1,1,0.590593680756901,0.3626144826198069,52102,36245,0.8128409385681152,-0.010769802145659924,0.8525547385215759,28.120073153812104
2024-12-12T00:00:00.000Z,-1,1,0.1623905767731956,0.32449352831956435,52102,32475,0.07393397390842438,-0.1520916074514389,0.6622145771980286,77.01125999898065